매장이름,주소,구,브랜드,위도,경도
역삼아레나빌딩,서울특별시 강남구 언주로 425 (역삼동),강남구,스타벅스,37.5011172075922,127.043058269829
논현역사거리,서울특별시 강남구 강남대로 538 (논현동),강남구,스타벅스,37.5102202255601,127.022269137849
신사역성일빌딩,서울특별시 강남구 강남대로 584 (논현동),강남구,스타벅스,37.5139723982051,127.020611936716
국기원사거리,서울특별시 강남구 테헤란로 125 (역삼동),강남구,스타벅스,37.499603693833,127.031676800566
대치재경빌딩,서울특별시 강남구 남부순환로 2947 (대치동),강남구,스타벅스,37.4945603877761,127.062632515245
봉은사역,서울특별시 강남구 봉은사로 619 (삼성동),강남구,스타벅스,37.5150273653092,127.063116769411
압구정윤성빌딩,서울특별시 강남구 논현로 834 (신사동),강남구,스타벅스,37.5228318275385,127.028614847468
코엑스별마당,서울특별시 강남구 영동대로 513 (삼성동),강남구,스타벅스,37.5118239121138,127.059159043842
삼성역섬유센터R,서울특별시 강남구 테헤란로 518 (대치동),강남구,스타벅스,37.5075910839105,127.060579419429
압구정R,서울특별시 강남구 언주로 861 (신사동),강남구,스타벅스,37.5273990937168,127.033113547922
수서역R,서울특별시 강남구 광평로 281 (수서동),강남구,스타벅스,37.4881167693611,127.103068802127
양재강남빌딩R,서울특별시 강남구 남부순환로 2621 (도곡동),강남구,스타벅스,37.4852652574455,127.036620497399
선릉동신빌딩R,서울특별시 강남구 테헤란로 409 (삼성동),강남구,스타벅스,37.5053601174069,127.050386949115
봉은사로선정릉,서울특별시 강남구 봉은사로 446 (삼성동),강남구,스타벅스,37.5113678090076,127.048516695265
강남오거리,서울특별시 강남구 봉은사로2길 39 (역삼동),강남구,스타벅스,37.5021081976155,127.026659139548
스타필드코엑스몰R,서울특별시 강남구 영동대로 513 (삼성동) 코엑스 A106호,강남구,스타벅스,37.5118239121138,127.059159043842
강남구청정문,서울특별시 강남구 학동로 419 (청담동),강남구,스타벅스,37.5183061036652,127.045976501779
도곡공원,서울특별시 강남구 도곡로 205 (역삼동),강남구,스타벅스,37.4929198247521,127.041364616509
강남R,서울특별시 강남구 강남대로 390 (역삼동),강남구,스타벅스,37.4978399531903,127.028578846319
대치은마사거리,서울특별시 강남구 도곡로 457 (대치동),강남구,스타벅스,37.499003535147,127.060178595462
청담영동대로,서울특별시 강남구 영동대로 720 (청담동),강남구,스타벅스,37.5221876728793,127.056460869043
압구정,서울특별시 강남구 압구정로30길 17 (신사동),강남구,스타벅스,37.5263301884169,127.029553686621
신사가로수,서울특별시 강남구 가로수길 59 ,강남구,스타벅스,37.5218897968686,127.022521249316
청담스타R,서울특별시 강남구 도산대로57길 24 (청담동),강남구,스타벅스,37.5252578873567,127.041837238386
강남우성,서울특별시 강남구 강남대로 328 (역삼동),강남구,스타벅스,37.4924272855457,127.030921234166
학동사거리,서울특별시 강남구 도산대로 328 (논현동),강남구,스타벅스,37.5224022062676,127.037967162209
대치사거리,서울특별시 강남구 삼성로 402 (대치동),강남구,스타벅스,37.5033679636045,127.058834462033
포스코사거리,서울특별시 강남구 테헤란로 505 (삼성동) 화진빌딩,강남구,스타벅스,37.5075694059412,127.057440735405
을지병원사거리,"서울특별시 강남구 논현로 752 (논현동,구산빌딩)",강남구,스타벅스,37.5191609544084,127.028644440099
신사역,서울특별시 강남구 도산대로 108 (논현동) 렉스타워,강남구,스타벅스,37.5161918332017,127.020655869811
도곡역,서울특별시 강남구 남부순환로 2909 (대치동),강남구,스타벅스,37.4921823099018,127.057410744328
서울세관사거리,서울특별시 강남구 언주로 650 (논현동) 한국건설기술인협회,강남구,스타벅스,37.5149119573608,127.035749989521
청담사거리,서울특별시 강남구 도산대로 458 (청담동) 리츠타워,강남구,스타벅스,37.5237679012526,127.04687173454
한티역,"서울특별시 강남구 도곡로 408, 디마크빌딩 101호 (대치동)",강남구,스타벅스,37.4966225187716,127.055233195315
역삼초교사거리,서울특별시 강남구 역삼로 123 (역삼동),강남구,스타벅스,37.4941544920079,127.033008626274
코엑스몰,서울특별시 강남구 영동대로 513 (삼성동) O103호,강남구,스타벅스,37.5118239121138,127.059159043842
가로수길,"서울특별시 강남구 논현로175길 94, 1~2층 (신사동)",강남구,스타벅스,,
역삼대로,"서울특별시 강남구 테헤란로 211, 한국고등교육재단빌딩 1층 (역삼동)",강남구,스타벅스,37.5018865544268,127.03924172804
역삼포스코,"서울특별시 강남구 테헤란로 134, P&S TOWER (역삼동)",강남구,스타벅스,37.4993753300832,127.033803449711
강남대로,"서울특별시 강남구 강남대로 456, 한석타워 2층 1-2호 (역삼동)",강남구,스타벅스,37.503136666054,127.025570180456
청담,"서울특별시 강남구 도산대로 532, 인희빌딩 1층 (청담동)",강남구,스타벅스,37.5243444672802,127.051591952726
삼성도심공항,서울특별시 강남구 테헤란로87길 33 (삼성동),강남구,스타벅스,37.5098248337983,127.057926776835
삼성교,"서울특별시 강남구 영동대로86길 12, 동남유화빌딩 1층",강남구,스타벅스,37.507823522519,127.065187924005
학동역,서울특별시 강남구 논현로 704 (논현동),강남구,스타벅스,37.5146068395402,127.030764674069
대치,서울특별시 강남구 도곡로 511 (대치동),강남구,스타벅스,37.4996326317154,127.062238112663
신세계푸드마켓도곡,"서울특별시 강남구 언주로30길 57, 타워팰리스Ⅱ F 지하1층 (도곡동)",강남구,스타벅스,37.4894573055974,127.053964659634
삼성,"서울특별시 강남구 테헤란로 443, 애플트리타워 1층 (삼성동)",강남구,스타벅스,37.5069494959122,127.055596615858
선릉세화빌딩,서울특별시 강남구 테헤란로64길 18 (대치동) 1층,강남구,스타벅스,37.5037725578123,127.05119768025
압구정역,"서울특별시 강남구 압구정로 170, 관영빌딩 1층 지하1층 (신사동)",강남구,스타벅스,37.5267583374608,127.02810647031
압구정로,서울특별시 강남구 압구정로42길 32 (신사동),강남구,스타벅스,37.526839647124,127.034732418925
구역삼사거리,서울특별시 강남구 논현로 401 (역삼동),강남구,스타벅스,37.495927321591,127.038901507867
큰길타워,"서울특별시 강남구 테헤란로 223, 큰길타워빌딩 (역삼동)",강남구,스타벅스,37.5024001842287,127.040672852455
강남구청역,"서울특별시 강남구 선릉로 669, 웰빙센터 1층 (논현동)",강남구,스타벅스,37.5166119773031,127.041258693516
대치역,서울특별시 강남구 남부순환로 2936 (대치동) 107호,강남구,스타벅스,37.4933489108525,127.06191661451
포이,서울특별시 강남구 논현로 88 (개포동),강남구,스타벅스,37.4778176367596,127.045132028081
아크플레이스,서울특별시 강남구 테헤란로 142 (역삼동),강남구,스타벅스,37.4997440471512,127.034954751198
학여울역,서울특별시 강남구 영동대로 215 (대치동),강남구,스타벅스,37.4979966229511,127.068518488251
선정릉역,서울특별시 강남구 봉은사로 407 (삼성동) 에프오빌딩,강남구,스타벅스,37.5107810974307,127.044572539842
삼성현대힐,서울특별시 강남구 삼성로 605 (삼성동),강남구,스타벅스,37.5134844497251,127.052717611728
GS타워,서울특별시 강남구 논현로 508 (역삼동),강남구,스타벅스,37.5019949322814,127.037336400239
압구정미소,서울특별시 강남구 논현로 841 (신사동),강남구,스타벅스,37.5239684663137,127.027758806248
선릉역,"서울특별시 강남구 테헤란로 334, LG화재 빌딩 (역삼동)",강남구,스타벅스,37.5039452362982,127.048527611976
코엑스사거리,서울특별시 강남구 영동대로 616 (삼성동),강남구,스타벅스,37.5152493607324,127.060205437758
역삼럭키,서울특별시 강남구 도곡로 183 (역삼동),강남구,스타벅스,37.4922351875816,127.039407878096
신압구정,서울특별시 강남구 언주로174길 29 (신사동),강남구,스타벅스,37.5281188263201,127.036437572652
아크로힐스논현,"서울특별시 강남구 봉은사로 304, 금강빌딩 1-2층 (역삼동)",강남구,스타벅스,37.5089968994634,127.040393673483
강남비젼타워,"서울특별시 강남구 테헤란로2길 27, 1층 101호 (역삼동)",강남구,스타벅스,37.4964929427239,127.029697867857
압구정로데오역,"서울특별시 강남구 선릉로 836, 삼원빌딩 1,2층 (청담동)",강남구,스타벅스,37.5265428105713,127.040533570867
르네상스사거리,서울특별시 강남구 테헤란로 306 (역삼동),강남구,스타벅스,37.5025952829367,127.044101954044
포스코,"서울특별시 강남구 삼성로86길 7, 1층 (대치동)",강남구,스타벅스,37.5057744473143,127.057946040574
선릉로,"서울특별시 강남구 선릉로93길 22, 대흥빌딩 1층 (역삼동)",강남구,스타벅스,37.5049885992418,127.046743275216
논현힐탑,서울특별시 강남구 논현로 648 (논현동),강남구,스타벅스,37.5115947398167,127.032276584624
도산가로수길,"서울특별시 강남구 도산대로 134, 2층 (논현동)",강남구,스타벅스,37.5173531693456,127.023380583993
매봉역,서울특별시 강남구 남부순환로 2736 (도곡동),강남구,스타벅스,37.4859208193182,127.045237420016
대치한티,서울특별시 강남구 선릉로 324 (대치동),강남구,스타벅스,37.4985303841214,127.052094163626
개포동,서울특별시 강남구 선릉로 34 (개포동),강남구,스타벅스,37.4828272746585,127.060754455027
수서역사거리,서울특별시 강남구 광평로 280 (수서동),강남구,스타벅스,37.4873191631489,127.103108072457
코엑스아셈타워,서울특별시 강남구 영동대로 517 (삼성동),강남구,스타벅스,37.5131101543222,127.059758068383
센터필드R,서울특별시 강남구 테헤란로 231 (역삼동),강남구,스타벅스,37.5028813541774,127.041356540268
도산사거리,서울특별시 강남구 언주로 727 (논현동),강남구,스타벅스,37.5196000023598,127.034111771548
강남세곡,서울특별시 강남구 헌릉로569길 18 (세곡동),강남구,스타벅스,37.4672742584166,127.099929765276
대치삼성,서울특별시 강남구 영동대로 237 (대치동),강남구,스타벅스,37.5004651329806,127.067064140734
언주역,서울특별시 강남구 봉은사로 222 (역삼동),강남구,스타벅스,37.507769814405,127.036540554606
강남역신분당역사,서울특별시 강남구 강남대로 396 (역삼동),강남구,스타벅스,37.4981646510326,127.028307900881
삼성역,서울특별시 강남구 테헤란로 620 (대치동),강남구,스타벅스,37.5091979690111,127.065578760717
테헤란로아남타워,서울특별시 강남구 테헤란로 311 (역삼동),강남구,스타벅스,37.5037441420961,127.044854487099
강남논현,서울특별시 강남구 강남대로 512 (논현동),강남구,스타벅스,37.5078978596254,127.023338614644
삼성동,서울특별시 강남구 영동대로96길 12 (삼성동),강남구,스타벅스,37.5107387873332,127.063581755415
청담역,서울특별시 강남구 삼성로 709 (청담동),강남구,스타벅스,37.5194245244032,127.049528556494
압구정현대아파트,서울특별시 강남구 논현로175길 38 (신사동),강남구,스타벅스,37.5251917145917,127.025552252461
강남청담빌딩,서울특별시 강남구 선릉로 704 (청담동),강남구,스타벅스,37.5178019769365,127.041389319517
역삼이마트,서울특별시 강남구 역삼로 310 (역삼동),강남구,스타벅스,37.4992355425931,127.048420861876
강남세곡DT,서울특별시 강남구 헌릉로 727 (세곡동),강남구,스타벅스,37.466993809277,127.118330806807
미아뉴타운,서울특별시 강북구 삼양로 161 (미아동),강북구,스타벅스,37.6183899941147,127.021123478902
강북구청사거리,서울특별시 강북구 도봉로 365 (수유동),강북구,스타벅스,37.6400141810051,127.027385316418
미아사거리역,서울특별시 강북구 도봉로 32 (미아동),강북구,스타벅스,37.6118468027305,127.030708756258
수유역,서울특별시 강북구 도봉로 342 (번동),강북구,스타벅스,37.6380345518337,127.026128675843
미아역,서울특별시 강북구 도봉로 196 (미아동),강북구,스타벅스,37.6261436910197,127.026574236378
수유역5번출구,"서울특별시 강북구 도봉로 315 (수유동, 에피소드 수유 838)",강북구,스타벅스,37.6369305402999,127.02328159303
파라스파라서울,서울특별시 강북구 삼양로 689 (우이동) 파라스파라서울 지하1층,강북구,스타벅스,37.664946041388,127.007686111659
발산역사거리,서울특별시 강서구 공항대로 248 (마곡동),강서구,스타벅스,37.5584038640061,126.834893863585
마곡역,서울특별시 강서구 공항대로 168 (마곡동),강서구,스타벅스,37.5592736391913,126.826136981493
우장산역,서울특별시 강서구 강서로 267 (내발산동),강서구,스타벅스,37.5496000614643,126.835941270275
마곡사이언스타워R,서울특별시 강서구 마곡동로 62 (마곡동),강서구,스타벅스,37.5605537644679,126.833890184435
방화DT,서울특별시 강서구 방화대로 375 (방화동),강서구,스타벅스,37.5744541532234,126.816386022206
마곡나루역,서울특별시 강서구 마곡중앙로 161-17 (마곡동),강서구,스타벅스,37.5680581740122,126.825960812712
마곡GMG,"서울특별시 강서구 마곡중앙6로 16 (마곡동) 117,118,119,120호",강서구,스타벅스,,
가양역,서울특별시 강서구 양천로 476 (등촌동),강서구,스타벅스,37.5616001805127,126.853271958466
화곡DT,서울특별시 강서구 등촌로 57 (화곡동),강서구,스타벅스,37.5350125900994,126.863143013828
양천향교역,서울특별시 강서구 강서로 463 (마곡동),강서구,스타벅스,37.5669463591713,126.840446253714
화곡동,서울특별시 강서구 화곡로 142(화곡동),강서구,스타벅스,37.5405665780291,126.837581836675
등촌,서울특별시 강서구 공항대로 329 (등촌동),강서구,스타벅스,37.5582609804535,126.844322656779
염창역,서울특별시 강서구 공항대로 627 (염창동),강서구,스타벅스,37.5472872158845,126.874538741651
발산역,서울특별시 강서구 강서로 388 (등촌동) 그랜드마트,강서구,스타벅스,37.5601872593484,126.839308151992
까치산역,서울특별시 강서구 강서로13길 3 (화곡동),강서구,스타벅스,37.5322957492562,126.846047920456
염창대로,"서울특별시 강서구 양천로 744 (염창동), 101호",강서구,스타벅스,37.5485598927684,126.878256045999
발산역5번출구,"서울특별시 강서구 강서로52길 43 (내발산동, DH647), 1층 일부",강서구,스타벅스,37.5579923234822,126.840556795103
화곡역8번출구,"서울특별시 강서구 강서로 179 (화곡동), 1층 일부",강서구,스타벅스,37.5423627575293,126.839322200876
강서우장산,"서울특별시 강서구 강서로 231 (화곡동, 우장산역 해링턴 타워), 116/117/118/119/120호",강서구,스타벅스,,
등촌대로,"서울특별시 강서구 공항대로 543 (염창동, 센터스퀘어)",강서구,스타벅스,37.5507388549618,126.866412265444
가양역사거리,"서울특별시 강서구 화곡로 416 (등촌동) 가양더스카이벨리5차 지식산업센터 101, 102, 114,~117호",강서구,스타벅스,,
내발산,"서울특별시 강서구 강서로 323 (내발산동), 101/102호",강서구,스타벅스,,
마곡웰튼,"서울특별시 강서구 마곡중앙5로 22 (마곡동), 104/105/106호",강서구,스타벅스,,
김포공항DT,서울특별시 강서구 개화동로 517 (방화동),강서구,스타벅스,37.5662952468095,126.806047276966
강서NC,서울특별시 강서구 강서로56길 17 (등촌동),강서구,스타벅스,37.559933531546,126.840498784915
마곡나루공원,서울특별시 강서구 마곡중앙5로 47 (마곡동),강서구,스타벅스,37.566907942873,126.82225751683
송정역,"서울특별시 강서구 공항대로 38 (공항동), 1층 일부",강서구,스타벅스,37.5609740878002,126.811572673743
강서구청사거리,서울특별시 강서구 화곡로 350 (화곡동),강서구,스타벅스,37.55480957734,126.852209910209
낙성대역,서울특별시 관악구 남부순환로 1908 (봉천동),관악구,스타벅스,37.4777033870366,126.961205621131
관악서울대입구R,서울특별시 관악구 관악로 158 (봉천동),관악구,스타벅스,37.4793104352293,126.952808280216
신림DT,서울특별시 관악구 남부순환로 1419 (신림동),관악구,스타벅스,37.4809747497557,126.908418046683
서울대역,서울특별시 관악구 남부순환로 1817 (봉천동),관악구,스타벅스,37.4816411686596,126.952144384523
낙성대DT,서울특별시 관악구 남부순환로 1948 (봉천동),관악구,스타벅스,37.4761875809579,126.965131629973
사당,서울특별시 관악구 남부순환로 2082-25,관악구,스타벅스,37.4760566794321,126.981012772295
보라매대교,서울특별시 관악구 보라매로3길 23 (봉천동) 1층,관악구,스타벅스,37.491042929326,126.925536443215
신림,서울특별시 관악구 신림로 355-1 (신림동),관악구,스타벅스,37.4860989027515,126.929171758492
신림타임스트림,서울특별시 관악구 신림로 330 타임스트림 1층,관악구,스타벅스,37.4838513393186,126.930234545397
서울대입구역,서울특별시 관악구 남부순환로 1812 (봉천동),관악구,스타벅스,37.4811154582785,126.951331357933
서울대입구역8번출구,서울특별시 관악구 남부순환로 1831 (봉천동),관악구,스타벅스,37.4811939765915,126.953673257994
봉천역,서울특별시 관악구 남부순환로 1730 (봉천동),관악구,스타벅스,37.4820661680091,126.942250799054
건국대,서울특별시 광진구 능동로 117 (화양동),광진구,스타벅스,37.5415995620032,127.071136774445
어린이대공원역,서울특별시 광진구 능동로 243 (군자동),광진구,스타벅스,37.5519395891703,127.076354480595
아차산역,서울특별시 광진구 천호대로 676 (구의동),광진구,스타벅스,37.5505911469287,127.08993019403
올림픽대교북단,서울특별시 광진구 광나루로 608 (구의동),광진구,스타벅스,37.5411561167848,127.095267655296
구의DT,서울특별시 광진구 광나루로 519 (구의동),광진구,스타벅스,37.5453065761171,127.087213258945
자양사거리,서울특별시 광진구 아차산로 355,광진구,스타벅스,37.5373676062503,127.082565478795
군자역,서울특별시 광진구 천호대로 548 (군자동) 중앙빌딩,광진구,스타벅스,37.5568272074713,127.07899226716
광나루,"서울특별시 광진구 아차산로 607, 1,2층 (광장동)",광진구,스타벅스,,
건대스타시티,서울특별시 광진구 아차산로 262 (자양동),광진구,스타벅스,37.5370016363785,127.072962760454
건대입구,서울특별시 광진구 능동로 107 (화양동),광진구,스타벅스,37.5406991632015,127.070736495822
구의역,서울특별시 광진구 아차산로 373 (구의동),광진구,스타벅스,37.5370119376395,127.084032696421
광장,서울특별시 광진구 아차산로 537-17 (광장동),광진구,스타벅스,37.5429620594914,127.099658987674
건국클래식,서울특별시 광진구 능동로 90 (자양동) 더 클래식500,광진구,스타벅스,37.5383625791299,127.070921773952
건대후문,서울특별시 광진구 능동로 172 (화양동),광진구,스타벅스,37.5459839659666,127.073985418983
중곡역,"서울특별시 광진구 능동로 400 (중곡동) 1층 108,109,110,111,112,118 6개호실",광진구,스타벅스,37.5650580830652,127.08445683899
자양이마트,서울특별시 광진구 아차산로 272 (자양동) 지하1층,광진구,스타벅스,37.5385582736952,127.072996184863
자양역,"서울특별시 광진구 능동로 18 (자양동, 이튼타워리버3차)",광진구,스타벅스,37.532681666917,127.067878953418
화양삼거리,서울특별시 광진구 광나루로 374 (화양동),광진구,스타벅스,37.5475204778244,127.071286115641
군자사거리,서울특별시 광진구 천호대로 549 (중곡동) 1층,광진구,스타벅스,37.5576984952347,127.079226104632
금천구청역,"서울특별시 금천구 시흥대로73길 67 (시흥동), 엠메디컬타워 1층",금천구,스타벅스,37.4559425553098,126.895747370219
가산에스케이,"서울특별시 금천구 가산디지털1로 171 (가산동), SK V1센터 1층",금천구,스타벅스,37.4808318534376,126.880662051163
독산사거리,서울특별시 금천구 시흥대로 426 (독산동),금천구,스타벅스,37.4715689911066,126.89877216735
금천시흥,서울특별시 금천구 시흥대로 164 (시흥동),금천구,스타벅스,37.4488833558917,126.903231141312
가산디지털단지역,"서울특별시 금천구 벚꽃로 298 (가산동), 대륭포스트타워 6차 1층",금천구,스타벅스,37.4814401689835,126.883871693415
금천독산,서울특별시 금천구 두산로 70 (독산동),금천구,스타벅스,37.4689627800606,126.895620657193
가산디지털,"서울특별시 금천구 가산디지털1로 168 (가산동), 우림라이온스밸리 B동 1층",금천구,스타벅스,37.479966429878,126.88263620024
마리오아울렛,서울특별시 금천구 벚꽃로 266 마리오아울렛3관,금천구,스타벅스,37.4784457675388,126.885080837326
가산브이타워,"서울특별시 금천구 가산디지털1로 128 (가산동), V-TOWER 1층",금천구,스타벅스,37.4772365189989,126.883695161966
가산그레이트,"서울특별시 금천구 디지털로9길 32, 갑을그레이트밸리 1층 (가산동)",금천구,스타벅스,37.4795130993704,126.887511773421
독산역,"서울특별시 금천구 가산디지털1로 16 (가산동), 107-2, 1층",금천구,스타벅스,,
가산퍼블릭,"서울특별시 금천구 디지털로 178 (가산동), B동 F Park 1층",금천구,스타벅스,37.4764394057239,126.887331650246
가산현대아울렛,"서울특별시 금천구 디지털로10길 9 (가산동), 1층 일부",금천구,스타벅스,37.4776190161713,126.88905533739
가산케이에스,"서울특별시 금천구 벚꽃로36길 30 (가산동), 가산KS타워 1층",금천구,스타벅스,37.480670830247,126.885102981454
가산어반워크,서울특별시 금천구 가산디지털2로 135 (가산동),금천구,스타벅스,37.4800207661549,126.878015828177
월계역,"서울특별시 노원구 초안산로2라길26 월계동(104,105,106호)",노원구,스타벅스,37.6300099286586,127.05667170993
월계트레이더스,서울특별시 노원구 마들로3길 15 (월계동),노원구,스타벅스,37.6265093604229,127.061979778612
상계초교사거리,서울특별시 노원구 노원로 449 (상계동),노원구,스타벅스,37.6566694543257,127.066441585083
공릉DT,서울특별시 노원구 동일로 1015 (공릉동),노원구,스타벅스,37.6207526469417,127.074220863167
노원마들역,"서울특별시 노원구 노원로 569 (상계동, 임광아파트)",노원구,스타벅스,37.6609665352836,127.057094734343
공릉역,서울특별시 노원구 동일로 1081 (공릉동),노원구,스타벅스,37.62637727809,127.072270436177
은행사거리,"서울특별시 노원구 중계로 217, 중흥빌딩 103,203호 (중계동)",노원구,스타벅스,37.6505035811197,127.075992830225
노원KT,"서울특별시 노원구 노해로 502, (주)KT 노원사옥 (상계동)",노원구,스타벅스,37.6544500497108,127.063692307584
광운대,서울특별시 노원구 석계로 104 (월계동),노원구,스타벅스,37.6231823075724,127.060725543535
중계역,"서울특별시 노원구 동일로 1339, 대한빌딩 (상계동)",노원구,스타벅스,37.6481622655674,127.062182016086
노원역,서울특별시 노원구 동일로 1413 (상계동) 1층,노원구,스타벅스,37.6547688511508,127.060019298479
월계이마트,서울특별시 노원구 마들로3길 15 (월계동),노원구,스타벅스,37.6265093604229,127.061979778612
태릉입구역DT,서울특별시 노원구 화랑로 469 (공릉동),노원구,스타벅스,37.619235027025,127.079338929761
노원상계,서울특별시 노원구 동일로215길 2 (상계동),노원구,스타벅스,37.6515445577731,127.06097028296
노원구청,서울특별시 노원구 노해로 447 (상계동),노원구,스타벅스,37.653970093609,127.05774619539
창동이마트,서울특별시 도봉구 노해로65길 4 (창동),도봉구,스타벅스,37.651636123068,127.046699282846
쌍문역,서울특별시 도봉구 도봉로 480 (창동),도봉구,스타벅스,37.6483536013789,127.034887170663
도봉구청,서울특별시 도봉구 마들로 665 (도봉동),도봉구,스타벅스,37.6695322179239,127.046037443682
쌍문도봉로,서울특별시 도봉구 도봉로 444 (창동),도봉구,스타벅스,37.6453890648185,127.033116226875
도봉로DT,서울특별시 도봉구 도봉로 635 (쌍문동),도봉구,스타벅스,37.6611444410209,127.041693852595
방학역,"서울특별시 도봉구 도봉로 684 (방학동)101,102,113,114,115호",도봉구,스타벅스,,
창동역,서울특별시 도봉구 마들로13길 61 (창동),도봉구,스타벅스,37.6545399298261,127.049926290286
노량진동,"서울특별시 동작구 노량진로 190 (노량진동, 고려교육타워-어바니엘한강) 101호~105호",동작구,스타벅스,37.5129574445121,126.946862445323
남성역,서울특별시 동작구 사당로 219 (사당동),동작구,스타벅스,37.4841600698068,126.972660477747
상도역,서울특별시 동작구 상도로37길 1 (상도1동),동작구,스타벅스,37.503243422806,126.948446659578
보라매공원R,"서울특별시 동작구 보라매로5길 35 (신대방동, 파크스퀘어,보라매현대APT)",동작구,스타벅스,37.4920901355933,126.923508147169
이수자이,서울특별시 동작구 사당로 300 (사당동 이수자이),동작구,스타벅스,37.4843790909712,126.980281616349
노량진역,서울특별시 동작구 노량진로 134 (노량진동),동작구,스타벅스,37.5133653695495,126.940880232779
신대방삼거리역,서울특별시 동작구 상도로 102 (상도동),동작구,스타벅스,37.4999426964441,126.931776254273
중앙대,서울특별시 동작구 흑석로 75-1 (흑석동),동작구,스타벅스,37.5069728187307,126.958130329436
숭실대입구역,서울특별시 동작구 상도로 354 (상도동),동작구,스타벅스,37.4968732072958,126.952724064808
숭실대,서울특별시 동작구 사당로 4 (상도동),동작구,스타벅스,37.4954053993678,126.95485331925
사당역,"서울특별시 동작구 동작대로 21, 양지빌딩 1-3층 (사당동)",동작구,스타벅스,37.4784816221514,126.981362070757
서강대프라자,서울특별시 마포구 백범로 35 (신수동),마포구,스타벅스,37.5514649610226,126.942979960696
상암YTN,서울특별시 마포구 상암산로 76 (상암동),마포구,스타벅스,37.5791943482019,126.892314544858
마포용강동,서울특별시 마포구 토정로 295 (용강동),마포구,스타벅스,37.5412195915618,126.94219626684
홍대입구역사거리R,서울특별시 마포구 양화로 125 (서교동),마포구,스타벅스,37.5547493986687,126.920309389675
마포경찰서후문,서울특별시 마포구 마포대로 173-14 (아현동),마포구,스타벅스,37.55099812968,126.953625787034
공덕,서울특별시 마포구 마포대로 130 (공덕동),마포구,스타벅스,37.5459729185296,126.952989325371
합정폴리스R,"서울특별시 마포구 양화로 45 (서교동, 메세나폴리스)",마포구,스타벅스,37.5515008030203,126.91395024016
홍대공항철도역,서울특별시 마포구 양화로 178 (동교동),마포구,스타벅스,37.5575046128363,126.925213220295
마포염리,서울특별시 마포구 독막로 311 (염리동),마포구,스타벅스,37.5439986689042,126.947477716019
서강광흥창역,서울특별시 마포구 서강로 69 (창전동),마포구,스타벅스,37.5494286610068,126.931692020954
합정,"서울특별시 마포구 월드컵로1길 14 (합정동) 마포한강푸르지오 110, 111, 112-2",마포구,스타벅스,37.5500497954747,126.912061257921
서강대흥역,서울특별시 마포구 백범로 89-5 (대흥동),마포구,스타벅스,,
서교동사거리,서울특별시 마포구 양화로 105 (서교동),마포구,스타벅스,37.5534135689843,126.91857704379
상암사보이시티,서울특별시 마포구 월드컵북로54길 17 (상암동),마포구,스타벅스,37.581324224744,126.888548408154
신촌오거리,서울특별시 마포구 신촌로16길 10 (노고산동),마포구,스타벅스,37.5551769148524,126.934676463778
상암디지털큐브,서울특별시 마포구 상암산로 34,마포구,스타벅스,37.5762102049855,126.889239900296
상수역,서울특별시 마포구 독막로 88 (상수동),마포구,스타벅스,37.5475156867782,126.923227600752
공덕오거리,서울특별시 마포구 마포대로 86 (도화동) 창강빌딩,마포구,스타벅스,37.5426033396677,126.950510428106
서강대,서울특별시 마포구 백범로 23 (신수동),마포구,스타벅스,37.552811217978,126.93794821763
상암MBC,서울특별시 마포구 성암로 267 (상암동),마포구,스타벅스,37.5811234199086,126.890988995582
홍대역,"서울특별시 마포구 양화로 165, 상진빌딩 1층 (동교동)",마포구,스타벅스,37.5571306677663,126.923616229663
동교,"서울특별시 마포구 월드컵북로 22, 영준빌딩 1층 (동교동)",마포구,스타벅스,37.5568956506034,126.920022354506
애오개역,"서울특별시 마포구 마포대로 201, 마포트라팰리스II (아현동)",마포구,스타벅스,37.5522161008194,126.95550374204
상암DMC,"서울특별시 마포구 월드컵북로 375, DMC이안오피스텔1단지 102호,202호 (상암동)",마포구,스타벅스,37.5775739803674,126.890723266484
마포일진빌딩,"서울특별시 마포구 마포대로 45, 일진빌딩 1층 (도화동)",마포구,스타벅스,37.5404734621902,126.946373235502
마포아크로,서울특별시 마포구 마포대로 68 (도화동) 마포아크로타워,마포구,스타벅스,37.5413421541668,126.948897374412
홍대삼거리,서울특별시 마포구 와우산로 64 (상수동),마포구,스타벅스,37.5502199719304,126.923271338076
망원역,서울특별시 마포구 월드컵로 74 (서교동),마포구,스타벅스,37.555782204515,126.910728577563
마포이마트,서울특별시 마포구 백범로 212 (신공덕동) 마포이마트,마포구,스타벅스,37.5424315097987,126.953365521963
합정메세나몰,"서울특별시 마포구 양화로 45 (서교동, 메세나폴리스)",마포구,스타벅스,37.5515008030203,126.91395024016
아현역대로,서울특별시 마포구 신촌로 262 (아현동),마포구,스타벅스,37.5570560030972,126.954825997093
디지털미디어시티역,서울특별시 마포구 성암로 179 (상암동),마포구,스타벅스,37.5761509117108,126.898763780833
홍대역8번출구,서울특별시 마포구 양화로 166 (동교동),마포구,스타벅스,37.556743503599,126.924166543608
합정푸르지오,"서울특별시 마포구 월드컵로3길 14 (합정동, 마포 한강 2차 푸르지오)",마포구,스타벅스,37.5510079695241,126.91164899787
홍대동교,서울특별시 마포구 양화로 192 (동교동),마포구,스타벅스,37.5583280533329,126.926246501876
망원한강공원,서울특별시 마포구 마포나루길 435 (망원동),마포구,스타벅스,37.554014534491,126.896282125379
마포구청역,서울특별시 마포구 월드컵로 200 (성산동) 1층 일부,마포구,스타벅스,37.5649569864623,126.902554646241
가재울뉴타운,"서울특별시 서대문구 가재울미래로 2 (남가좌동, DMC파크뷰자이2단지별동상가1층)",서대문구,스타벅스,37.5744019902031,126.917907814167
남가좌사거리,"서울특별시 서대문구 거북골로 84 (남가좌동, DMC에코자이104동)",서대문구,스타벅스,37.5782296308468,126.918481311495
신촌역,서울특별시 서대문구 신촌로 73 (창천동),서대문구,스타벅스,37.5563071297207,126.934520427944
연희동,서울특별시 서대문구 연희로 97 (연희동),서대문구,스타벅스,37.5668038837366,126.930516521058
아현역,"서울특별시 서대문구 신촌로35길 10 (북아현동, e편한세상신촌 4단지)",서대문구,스타벅스,37.558621696785,126.955860405605
홍제역,서울특별시 서대문구 통일로 451 (홍제동),서대문구,스타벅스,37.5886701766902,126.943849906806
연세백양로,서울특별시 서대문구 연세로 50 (신촌동) 연세대학교,서대문구,스타벅스,37.5660508394158,126.943916239886
연희DT,서울특별시 서대문구 연희로 144 (연희동),서대문구,스타벅스,37.5701890591183,126.93389011557
경기대,서울특별시 서대문구 충정로 53 (충정로2가),서대문구,스타벅스,37.5637512316327,126.964632683146
신촌,서울특별시 서대문구 연세로 10-1 (창천동),서대문구,스타벅스,37.5564898249423,126.937122838477
이대,서울특별시 서대문구 이화여대길 34 (대현동),서대문구,스타벅스,37.558453141276,126.945944197486
연세종합관,"서울특별시 서대문구 연세로 50, 연세세브란스 종합관 (신촌동)",서대문구,스타벅스,37.5660508394158,126.943916239886
이대ECC,서울특별시 서대문구 이화여대길 52 (대현동) 이화여자대학교 B415호,서대문구,스타벅스,37.5644645178259,126.950288837762
연대,서울특별시 서대문구 연세로 35 (창천동),서대문구,스타벅스,37.5587271419036,126.936712158471
충정로역,서울특별시 서대문구 충정로 23,서대문구,스타벅스,37.5611430497586,126.962944675196
연대동문,서울특별시 서대문구 성산로 565 (대신동),서대문구,스타벅스,37.5664179509332,126.946341059136
신촌명물거리,"서울특별시 서대문구 명물길 24, 1-5층 (창천동)",서대문구,스타벅스,,
충정타워,"서울특별시 서대문구 서소문로 21, 충정타워빌딩 1층 (충정로3가)",서대문구,스타벅스,37.5598942603947,126.964085809305
이대역,서울특별시 서대문구 신촌로 183 (대현동),서대문구,스타벅스,37.5570713640316,126.94632173155
북가좌DT,서울특별시 서대문구 응암로 85 (북가좌동),서대문구,스타벅스,37.5805716868071,126.911493051935
현대신촌,서울특별시 서대문구 신촌로 83 (창천동),서대문구,스타벅스,37.5560830579515,126.935844876509
방배로,서울특별시 서초구 방배로 52 (방배동),서초구,스타벅스,37.4793466181359,126.999436064256
강남교보타워R,서울특별시 서초구 강남대로 465 (서초동),서초구,스타벅스,37.5037560541254,127.024109539913
방배다이치빌딩,서울특별시 서초구 방배로 114 (방배동),서초구,스타벅스,37.4843393154443,126.996090968767
센트럴F1,서울특별시 서초구 신반포로 176 (반포동),서초구,스타벅스,37.5039351769908,127.002413006799
서초역이화빌딩,서울특별시 서초구 반포대로21길 3 (서초동),서초구,스타벅스,37.4883013085845,127.009032303082
서초구청,서울특별시 서초구 남부순환로 2557 (서초동),서초구,스타벅스,37.4844383587628,127.030069606033
서초우성사거리,서울특별시 서초구 강남대로 343 (서초동),서초구,스타벅스,37.4935195538047,127.029241204878
이수역사거리,"서울특별시 서초구 서초대로 3-4 (방배동, 방배디오슈페리움1)",서초구,스타벅스,37.4860317945544,126.983083699338
강남대로신사,서울특별시 서초구 강남대로 595 (잠원동),서초구,스타벅스,37.5148563751516,127.019539877754
서울고속터미널,서울특별시 서초구 신반포로 194 (반포동),서초구,스타벅스,37.5064357442307,127.006834366246
방배,서울특별시 서초구 방배로 211,서초구,스타벅스,37.4919937926243,126.990641023566
방배카페거리,서울특별시 서초구 방배중앙로 162 (방배동),서초구,스타벅스,37.4935343927393,126.986570860605
서초법원,서울특별시 서초구 서초대로 274 (서초동),서초구,스타벅스,37.4928194268706,127.011904030779
청계산입구역,서울특별시 서초구 청계산로 203 (신원동),서초구,스타벅스,37.4473249504426,127.056296409418
사당로데오,서울특별시 서초구 방배천로 5-4(방배동),서초구,스타벅스,37.4772993533214,126.98217828522
파미에파크R,서울특별시 서초구 사평대로 205 (반포동) CENTRALCITY,서초구,스타벅스,37.5044921229104,127.007845270854
양재역,서울특별시 서초구 강남대로 202 (양재동) 모산빌딩,서초구,스타벅스,37.4823264528673,127.036861922329
논현역,서울특별시 서초구 강남대로 557 (잠원동) 1~2층,서초구,스타벅스,,
이수역,서울특별시 서초구 동작대로 112 (방배동),서초구,스타벅스,37.4865041383713,126.982705263045
내방역,서울특별시 서초구 방배로 184 (방배동) 대풍빌딩,서초구,스타벅스,37.4900201767118,126.992476017843
서초파라곤,서울특별시 서초구 서초대로74길 29 (서초동) 서초파라곤,서초구,스타벅스,37.49494258899,127.027426341397
서울아트센터,서울특별시 서초구 남부순환로 2395 (서초동) 호경빌딩,서초구,스타벅스,37.4806718072509,127.012367234264
서초중앙로,서울특별시 서초구 서초중앙로 225,서초구,스타벅스,37.5016638320186,127.011553265877
센트럴시티,서울특별시 서초구 신반포로 176 (반포동),서초구,스타벅스,37.5039351769908,127.002413006799
강남삼성타운,서울특별시 서초구 서초대로78길 24 (서초동),서초구,스타벅스,37.4955445656158,127.027752353367
방배역,서울특별시 서초구 방배로 84 (방배동),서초구,스타벅스,37.4819902467156,126.997642873579
반포역,서울특별시 서초구 신반포로 257 (잠원동) 신반포11차상가,서초구,스타벅스,37.5086202759588,127.011935946175
남부터미널,"서울특별시 서초구 서초중앙로 26, 래미안서초유니빌 1층 101호 (서초동)",서초구,스타벅스,37.4846872089607,127.016991752076
뉴코아강남,서울특별시 서초구 잠원로 69 (잠원동) 킴스클럽,서초구,스타벅스,37.5102605018374,127.006970780391
강남서초초교,"서울특별시 서초구 서초대로77길 27, 유빌딩 1,2층 (서초동)",서초구,스타벅스,37.5001249784617,127.025502769716
교대,서울특별시 서초구 서초중앙로 118 (서초동),서초구,스타벅스,37.4923920920899,127.014230658952
하이브랜드,"서울특별시 서초구 매헌로 16, 리빙관 101호 (양재동)",서초구,스타벅스,37.462467348157,127.036947909974
신논현역,서울특별시 서초구 강남대로 483 (반포동) 청호빌딩,서초구,스타벅스,37.5053254283579,127.023648945463
영동2교,"서울특별시 서초구 논현로 139, 대흥빌딩 (양재동)",서초구,스타벅스,37.4819943953299,127.042595496311
남부터미널역5번출구,서울특별시 서초구 효령로 274 (서초동),서초구,스타벅스,37.4843935767795,127.014213538613
서래마을입구,서울특별시 서초구 서래로 48 (반포동),서초구,스타벅스,37.4992678021747,126.998558347583
몬테소리,서울특별시 서초구 강남대로 399 (서초동),서초구,스타벅스,37.4982667167977,127.026842105662
서초역,서울특별시 서초구 반포대로 118 (서초동),서초구,스타벅스,37.4906652237991,127.008612738216
교대법원,서울특별시 서초구 서초중앙로 164 (서초동),서초구,스타벅스,37.4963657224988,127.013378871592
강남GT타워,"서울특별시 서초구 서초대로 411, GT타워 (서초동)",서초구,스타벅스,37.4981083450113,127.025922653572
서초동,"서울특별시 서초구 남부순환로339길 64, 현우빌딩 1층 (서초동)",서초구,스타벅스,37.4859259765406,127.021583627348
서울교대,"서울특별시 서초구 서초중앙로 64, 1층 (서초동)",서초구,스타벅스,37.4874401271955,127.015170128436
강남에비뉴,"서울특별시 서초구 서초대로77길 62, 강남역아이파크 B102~B105 (서초동)",서초구,스타벅스,37.5027308418076,127.023903040367
반포자이,서울특별시 서초구 잠원로 24 (반포동),서초구,스타벅스,37.5071156980651,127.009873208557
서초태우빌딩,서울특별시 서초구 강남대로 285 (서초동),서초구,스타벅스,37.4887045133001,127.031562291116
교대역3번출구,서울특별시 서초구 서초중앙로24길 10 (서초동),서초구,스타벅스,37.4944415356967,127.014858535596
반포원베일리,서울특별시 서초구 반포대로 291 (반포동),서초구,스타벅스,37.5049020694443,126.999480997797
강남역우송빌딩,서울특별시 서초구 서초대로73길 7 (서초동),서초구,스타벅스,37.4981314601413,127.02527908458
서이초교사거리,서울특별시 서초구 사임당로 143 (서초동),서초구,스타벅스,37.4918506404669,127.025236485997
서울웨이브아트센터,서울특별시 서초구 잠원로 145-35 (잠원동),서초구,스타벅스,37.5188152641697,127.006960716786
길음역,서울특별시 성북구 정릉로 376 (돈암동),성북구,스타벅스,37.6020185542882,127.02531929067
미아이마트,서울특별시 성북구 도봉로 17 (길음동),성북구,스타벅스,37.6108552099076,127.029867413357
종암DT,서울특별시 성북구 종암로 17 (종암동),성북구,스타벅스,37.5918809476528,127.036104607297
미아,서울특별시 성북구 동소문로 314 (하월곡동),성북구,스타벅스,37.6076300678804,127.029350598894
성신여대정문,서울특별시 성북구 보문로34길 62 (동선동2가),성북구,스타벅스,37.5908419743847,127.01885953079
종암,서울특별시 성북구 종암로 122 (종암동),성북구,스타벅스,37.6012026108787,127.033955689737
삼선교,서울특별시 성북구 동소문로 10 (동소문동2가),성북구,스타벅스,37.5887327686781,127.007333614721
월곡역,"서울특별시 성북구 화랑로 76, 101-1호 (하월곡동)",성북구,스타벅스,,
고대,서울특별시 성북구 고려대로24길 51 (안암동5가),성북구,스타벅스,37.5839294883991,127.029709018435
현대미아,서울특별시 성북구 동소문로 315 (길음동) 지하1층,성북구,스타벅스,37.608448037052,127.028778310047
성신여대,서울특별시 성북구 동소문로24길 12 (동선동1가),성북구,스타벅스,37.5931500260512,127.018413305959
안암역,서울특별시 성북구 고려대로 102-2 (안암동5가),성북구,스타벅스,37.5861091702702,127.030766564708
한성대입구역,서울특별시 성북구 성북로 11 (성북동1가),성북구,스타벅스,37.5890512143102,127.00492740484
고대안암병원,서울특별시 성북구 고려대로 73 (안암동5가),성북구,스타벅스,37.5873771473625,127.026248862202
장위뉴타운,서울특별시 성북구 장월로38길 4 (장위동),성북구,스타벅스,37.6180026605913,127.051549899877
성신여대입구역,서울특별시 성북구 동소문로 105 (동선동4가),성북구,스타벅스,37.5931080134741,127.016776890375
송파나루역DT,서울특별시 송파구 오금로 142 (송파동),송파구,스타벅스,37.5108292192908,127.110268903268
송파헬리오시티,"서울특별시 송파구 송파대로 345 (가락동, 헬리오시티)",송파구,스타벅스,37.4976145695004,127.102531804188
잠실시그마타워,서울특별시 송파구 올림픽로 289 (신천동),송파구,스타벅스,37.5146152773177,127.102522142353
문정법원로R,서울특별시 송파구 송파대로 201 (문정동),송파구,스타벅스,37.4877387829749,127.120685887596
송파개롱역,서울특별시 송파구 오금로 420 (가락동),송파구,스타벅스,37.4969894018022,127.136277101616
문정하비오,"서울특별시 송파구 송파대로 111 (문정동, 파크하비오) 204동 104호~107호",송파구,스타벅스,37.4796870553794,127.124979804141
문정역,"서울특별시 송파구 송파대로 167 (문정동)테라타워 B동 137호~139호,204호",송파구,스타벅스,37.4846614982049,127.120933640924
잠실대교남단R,서울특별시 송파구 송파대로 570 타워 730 1층,송파구,스타벅스,37.5157873297768,127.099112358834
송파위례,"서울특별시 송파구 위례광장로 230 (장지동, 위례2차아이파크)",송파구,스타벅스,37.478619812243,127.143533445087
송파방이DT,서울특별시 송파구 오금로 241 (방이동),송파구,스타벅스,37.5065367665138,127.120485645995
올림픽평화의문,서울특별시 송파구 위례성대로 38 (방이동) 해태그린피아빌라트,송파구,스타벅스,37.5156925346572,127.116497173629
송파아이파크,서울특별시 송파구 법원로 55 (문정동),송파구,스타벅스,37.4798536473034,127.121966489044
송파사거리,서울특별시 송파구 송파대로 386 (송파동),송파구,스타벅스,37.5022731990672,127.110354257671
석촌서호,서울특별시 송파구 석촌호수로 176 (삼전동),송파구,스타벅스,37.5063728142812,127.096628015109
문정로데오,서울특별시 송파구 동남로 141 (가락동),송파구,스타벅스,37.4919026462716,127.126252486711
올림픽훼미리,서울특별시 송파구 중대로 68 (문정동),송파구,스타벅스,37.4915653895479,127.116437188825
올림픽공원남문,서울특별시 송파구 위례성대로 102 (방이동),송파구,스타벅스,37.5133172416737,127.123136863574
방이역,"서울특별시 송파구 마천로 53, 1~2층 (오금동)",송파구,스타벅스,,
석촌호수,서울특별시 송파구 석촌호수로 262 (송파동),송파구,스타벅스,37.5094418481496,127.105237022741
잠실푸르지오월드,"서울특별시 송파구 올림픽로35가길 9, 잠실푸르지오월드마크 1층 (신천동)",송파구,스타벅스,37.5174846188512,127.103444795508
잠실새내역,서울특별시 송파구 올림픽로 96 (잠실동),송파구,스타벅스,37.5114638312604,127.081212794079
잠실역,"서울특별시 송파구 송파대로 562 (신천동, 웰리스타워,삼성웰리스아파트) 1층,2층",송파구,스타벅스,37.5153235254771,127.099502662936
갤러리아팰리스,"서울특별시 송파구 올림픽로 212, 갤러리아 팰리스 (잠실동)",송파구,스타벅스,37.5107067799275,127.094231575378
아시아선수촌,서울특별시 송파구 백제고분로 69 (잠실동),송파구,스타벅스,37.5105318635531,127.079041855687
올림픽아파트,서울특별시 송파구 양재대로 1220 (방이동),송파구,스타벅스,37.5153388210257,127.133266146111
가락본동,서울특별시 송파구 송파대로30길 13 (가락동),송파구,스타벅스,37.4948847043839,127.118784040716
석촌역,"서울특별시 송파구 백제고분로 358, 1층 (석촌동)",송파구,스타벅스,37.5042941822869,127.106094189934
가락시장역,"서울특별시 송파구 중대로 121, 롯데캐슬 파인힐 1층 (가락동)",송파구,스타벅스,37.4943520603963,127.121412444385
가든파이브,서울특별시 송파구 충민로 10 (문정동) 가든파이브툴,송파구,스타벅스,37.4786173172251,127.119106729654
문정역2번출구,서울특별시 송파구 문정로 1 (문정동),송파구,스타벅스,37.486359565989,127.123087289463
잠실본동,"서울특별시 송파구 백제고분로 91 (잠실동), 1층",송파구,스타벅스,37.5086445885442,127.07949103207
송파NC,서울특별시 송파구 충민로 66 (문정동)  가든파이브라이프 패션관1층,송파구,스타벅스,37.4776148442516,127.124961768886
송파거여역,서울특별시 송파구 오금로 493 (거여동),송파구,스타벅스,37.4936607574239,127.143701086175
몽촌토성역,서울특별시 송파구 위례성대로 6 (방이동),송파구,스타벅스,37.5168418632122,127.113151435777
송파KT,"서울특별시 송파구 잠실로 209 (신천동), 오피스빌딩 1층 2~4호",송파구,스타벅스,37.5138710747422,127.106364392884
문정법조타운 한양타워,서울특별시 송파구 법원로11길 12 (문정동),송파구,스타벅스,37.4860582505835,127.117802423963
송파마천사거리DT,서울특별시 송파구 거마로 78 (마천동),송파구,스타벅스,37.4997580410365,127.147649403628
목동파리공원,서울특별시 양천구 목동동로 377 (목동),양천구,스타벅스,37.5353386148924,126.878853892182
등촌역,서울특별시 양천구 공항대로 566 (목동) 1층 2층,양천구,스타벅스,37.5489605239168,126.868067060108
목동행복한,서울특별시 양천구 목동동로 309 (목동),양천구,스타벅스,37.5292109947037,126.875984665042
신정DT,서울특별시 양천구 신월로 341 (신정동),양천구,스타벅스,37.522014544701,126.858836193806
목동역,서울특별시 양천구 목동로 203 (신정동) 1층일부,양천구,스타벅스,37.5267062206829,126.86380676331
목동오목로,"서울특별시 양천구 오목로 279 (목동) 102,103,104,105호",양천구,스타벅스,,
목동8단지,서울특별시 양천구 목동서로 299 (신정동),양천구,스타벅스,37.5205726607303,126.868830851142
오목교역,서울특별시 양천구 오목로 354 (목동),양천구,스타벅스,37.5239812598499,126.876796062529
신월IC DT,서울특별시 양천구 남부순환로 430 (신월동),양천구,스타벅스,37.5294934216077,126.832134462573
목동7단지,서울특별시 양천구 목동서로 213 (목동) 세신비젼프라자,양천구,스타벅스,37.5280169945095,126.870615708032
목동5단지,"서울특별시 양천구 목동동로 411, 1동 116호(목동, 부영그린타운3차)",양천구,스타벅스,37.5367262201569,126.882213637856
목동,서울특별시 양천구 목동서로 67 (목동) 우성에펠타운,양천구,스타벅스,37.5363966169946,126.878549519127
현대목동,"서울특별시 양천구 목동동로 257 (목동, 현대하이페리온) 지하2층",양천구,스타벅스,37.5273217750941,126.874619136454
목동SBS,"서울특별시 양천구 목동서로 161 (목동), 1/2층 일부",양천구,스타벅스,,
목동트라팰리스,서울특별시 양천구 오목로 299 (목동),양천구,스타벅스,37.5260837006075,126.87035534357
목동10단지,"서울특별시 양천구 목동서로 401 (신정동, 대림아크로빌), 상가A동 101,101-1호",양천구,스타벅스,,
신월동DT,서울특별시 양천구 남부순환로 319 (신월동),양천구,스타벅스,37.5382766609786,126.827091375369
타임스퀘어R,서울특별시 영등포구 영중로 15 지하 1층 (영등포동4가),영등포구,스타벅스,37.5172332566615,126.903715993779
샛강역,서울특별시 영등포구 여의대방로 376 (여의도동),영등포구,스타벅스,37.5181886056247,126.931354574177
영등포역,서울특별시 영등포구 경인로 870 (영등포동1가),영등포구,스타벅스,37.5169829500086,126.90928305399
당산대로,서울특별시 영등포구 양평로 22 (당산동6가),영등포구,스타벅스,37.5331572915693,126.903933458671
여의도IFC몰(L1)R,서울특별시 영등포구 국제금융로 10 (여의도동)  지하1층 178호,영등포구,스타벅스,37.5251775245928,126.924876706923
여의도KBS R,서울특별시 영등포구 의사당대로 26 (여의도동),영등포구,스타벅스,37.526537141271,126.918106683928
여의도화재보험,서울특별시 영등포구 국제금융로6길 38 (여의도동),영등포구,스타벅스,37.5213851009398,126.925995325384
국회대로,서울특별시 영등포구 국회대로 786 (여의도동),영등포구,스타벅스,37.5302888565757,126.919600041211
영등포KT,서울특별시 영등포구 영중로 119 (영등포동8가),영등포구,스타벅스,37.5267660967496,126.905231110596
여의도공원R,서울특별시 영등포구 여의공원로 101 (여의도동),영등포구,스타벅스,37.5292719570904,126.924892738645
국회의사당역,서울특별시 영등포구 의사당대로 8 (여의도동),영등포구,스타벅스,37.5278708587376,126.916895169744
여의도역R,서울특별시 영등포구 의사당대로 83 (여의도동) 1층,영등포구,스타벅스,37.5233667660094,126.923451000009
선유동이레빌딩,서울특별시 영등포구 선유동2로 57 (양평제1동) 이레빌딩,영등포구,스타벅스,37.5338259242698,126.896882129276
동여의도,서울특별시 영등포구 국제금융로 86 (여의도동) 롯데캐슬 아이비,영등포구,스타벅스,37.5202061193308,126.931800002781
여의도ABL타워,서울특별시 영등포구 의사당대로 147 (여의도동) 알리안츠타워,영등포구,스타벅스,37.5188219877864,126.927839304626
영등포신길,"서울특별시 영등포구 신길로 137 (신길동) 1,2층",영등포구,스타벅스,,
문래역,서울특별시 영등포구 당산로 34 (문래동3가),영등포구,스타벅스,37.5174631210953,126.896493699106
당산,서울특별시 영등포구 양평로 64 (당산동6가),영등포구,스타벅스,37.5351397125293,126.899965832636
여의도한양증권,서울특별시 영등포구 국제금융로6길 7 (여의도동) 한양증권,영등포구,스타벅스,37.5224047824056,126.929107361256
여의도일신,서울특별시 영등포구 은행로 11 (여의도동) 1층 1부,영등포구,스타벅스,37.5279108261109,126.920238846351
하이테크시티,서울특별시 영등포구 경인로 775 (문래동3가) 에이스하이테크시티,영등포구,스타벅스,37.5147464245043,126.897536835727
여의도,서울특별시 영등포구 국제금융로2길 28 (여의도동),영등포구,스타벅스,37.5240806711634,126.924494536092
롯데캐슬여의도,"서울특별시 영등포구 의사당대로 127 (여의도동, 롯데캐슬엠파이어) 1층 104호",영등포구,스타벅스,37.5202405439146,126.926406742546
문래동,"서울특별시 영등포구 선유로 64, 대창타운빌 1층 (문래동3가)",영등포구,스타벅스,37.5196290903877,126.889679122256
여의도호성,"서울특별시 영등포구 여의대방로65길 24, 호성빌딩 1층 (여의도동)",영등포구,스타벅스,37.5204421498979,126.929293717613
타임스퀘어B2,"서울특별시 영등포구 영중로 15, 지하2층 (영등포동4가)",영등포구,스타벅스,37.5172332566615,126.903715993779
영등포본동,서울특별시 영등포구 영등포로 254 (영등포동3가),영등포구,스타벅스,37.5186835646791,126.909598177499
타임스퀘어2F,서울특별시 영등포구 영중로 15 지상2층 (영등포동4가),영등포구,스타벅스,37.5172332566615,126.903715993779
여의도의사당,서울특별시 영등포구 국회대로74길 12 (여의도동),영등포구,스타벅스,37.5300896400594,126.92106161992
여의도IFC(1F),서울특별시 영등포구 국제금융로 10 (여의도동),영등포구,스타벅스,37.5251775245928,126.924876706923
여의도교직원공제회,서울특별시 영등포구 여의나루로 50 (여의도동),영등포구,스타벅스,37.5218052926703,126.925651244211
선유도역 1번출구,서울특별시 영등포구 양평로 128 (양평동5가)양평로 128,영등포구,스타벅스,37.5382902301472,126.893664746293
영등포시장역,서울특별시 영등포구 영중로 79 (영등포동7가),영등포구,스타벅스,37.5234746572587,126.904908229697
영등포구청역,서울특별시 영등포구 국회대로 558 ,영등포구,스타벅스,37.5277473772256,126.896124031689
서울양평역,"서울특별시 영등포구 선유서로24길 6 (양평동1가, 영등포 중흥 S-CLASS)",영등포구,스타벅스,37.5235893875941,126.88610509721
영등포시장교차로,서울특별시 영등포구 영중로 45 (영등포동6가),영등포구,스타벅스,37.5204605301046,126.904457084497
더현대서울(B2)R,서울특별시 영등포구 여의대로 108 (여의도동),영등포구,스타벅스,37.5251913154781,126.929112756574
여의도브라이튼,"서울특별시 영등포구 국제금융로 39 (여의도동, 브라이튼 여의도), 1층",영등포구,스타벅스,37.5242915298626,126.929338616058
여의도TP타워,서울특별시 영등포구 의사당대로 96 (여의도동),영등포구,스타벅스,37.521547851978,126.92294256449
당산역사거리,서울특별시 영등포구 양평로 47 (당산동5가),영등포구,스타벅스,37.5338722303791,126.90098183202
신풍역,서울특별시 영등포구 신풍로 23 (신길동),영등포구,스타벅스,37.5003710511097,126.908363715093
불광역,서울특별시 은평구 통일로 715 (대조동),은평구,스타벅스,37.609413947696,126.930308376671
구파발사거리,서울특별시 은평구 진관3로 21 은평엘크루 101동 105-108호,은평구,스타벅스,37.6396025010646,126.919014455213
연신내역사거리,서울특별시 은평구 통일로 842 (불광동),은평구,스타벅스,37.6186902335511,126.922063807625
연신내,서울특별시 은평구 통일로 867 (갈현동),은평구,스타벅스,37.6202313639655,126.919897694543
구파발역,서울특별시 은평구 진관2로 12,은평구,스타벅스,37.6342576294538,126.918550997661
은평구청입구,서울특별시 은평구 은평로 170 (응암동),은평구,스타벅스,37.6010893852841,126.926662375326
은평이마트,서울특별시 은평구 은평로 111 (응암동),은평구,스타벅스,37.6008254685415,126.920513478627
구산역,서울특별시 은평구 연서로 146 (대조동),은평구,스타벅스,37.6118256229728,126.917712097114
불광역8번출구,서울특별시 은평구 통일로 746 (불광동),은평구,스타벅스,37.6120151363225,126.929003923867
수색,서울특별시 은평구 수색로 216 (수색동),은평구,스타벅스,37.5798457128547,126.899932768477
새절역,서울특별시 은평구 증산로 371 (신사동),은평구,스타벅스,37.5895376912069,126.912885066283
더북한산,서울특별시 은평구 대서문길 24-11 (진관동),은평구,스타벅스,37.6554576593266,126.947556374345
녹번역,"서울특별시 은평구 통일로 636 (녹번동) 110,111,112,113,114,115호",은평구,스타벅스,,
진관DT,서울특별시 은평구 연서로 645 (진관동),은평구,스타벅스,37.6501783208217,126.936159835999
연합뉴스,서울특별시 종로구 율곡로2길 25 (수송동),종로구,스타벅스,37.5743642341595,126.98051726008
혜화역,서울특별시 종로구 대학로12길 4 (동숭동)1~2층,종로구,스타벅스,,
경희궁로,서울특별시 종로구 새문안로3길 15 (당주동),종로구,스타벅스,37.5717056482532,126.972300686793
강북삼성병원,서울특별시 종로구 새문안로 29 (평동),종로구,스타벅스,37.5688677261045,126.967812703696
종로평창동,서울특별시 종로구 평창12길 3 (평창동),종로구,스타벅스,37.606177671919,126.96722438064
광화문우체국,서울특별시 종로구 종로 6 (서린동),종로구,스타벅스,37.5698416253417,126.978096062325
종로R,서울특별시 종로구 종로 51 (종로2가),종로구,스타벅스,37.5707451369668,126.983611410428
독립문역,서울특별시 종로구 송월길 155 경희궁자이 4단지 1층 팰리스애비뉴 4114~4119호,종로구,스타벅스,37.5717267174551,126.961625543187
정부서울청사R,서울특별시 종로구 새문안로5가길 28 (적선동),종로구,스타벅스,37.574460196686,126.973597076089
종로구청,서울특별시 종로구 삼봉로 71 (수송동),종로구,스타벅스,37.5726674875411,126.981114262989
북촌로,서울특별시 종로구 북촌로4길 23 (계동),종로구,스타벅스,37.5794487466256,126.986467254784
종로수송,서울특별시 종로구 종로5길 30 (청진동) 1~3층,종로구,스타벅스,,
새문안로,서울특별시 종로구 새문안로 92 (신문로1가) 광화문오피시아빌딩,종로구,스타벅스,37.5696996246023,126.974907969051
안국,서울특별시 종로구 북촌로 5-1 (재동),종로구,스타벅스,37.5773774448484,126.985650278426
삼청동,서울특별시 종로구 삼청로 111-1 (삼청동),종로구,스타벅스,37.5853814289538,126.981781192692
광화문D타워,서울특별시 종로구 종로3길 17 (청진동) D타워,종로구,스타벅스,37.5709958592808,126.978914477333
적선,"서울특별시 종로구 새문안로5길 55, 노스게이트빌딩 1층 (적선동)",종로구,스타벅스,37.5751282762119,126.973966674854
인사,서울특별시 종로구 인사동길 14 (인사동),종로구,스타벅스,37.5721911098042,126.986949096551
광화문,서울특별시 종로구 세종대로 167 (세종로),종로구,스타벅스,37.5712680054994,126.976304863447
성대입구,서울특별시 종로구 창경궁로 235 (명륜3가),종로구,스타벅스,37.5829625758212,126.998385101262
스페이스본,서울특별시 종로구 사직로8길 4 (사직동) 광화문 풍림스페이스본,종로구,스타벅스,37.5746716527447,126.968429762772
주얼리시티,서울특별시 종로구 종로 183 (인의동) 효성주얼리시티,종로구,스타벅스,37.5714476873524,126.998320034926
종각,서울특별시 종로구 종로 64 (종로2가),종로구,스타벅스,37.5699578826778,126.984542274763
동숭로아트,서울특별시 종로구 동숭길 110 (동숭동),종로구,스타벅스,37.5829709917231,127.003901728931
종로관철,"서울특별시 종로구 종로12길 21, 2층 (관철동)",종로구,스타벅스,37.569083558387,126.986000507196
경복궁역,"서울특별시 종로구 자하문로4길 6, 1층 (통의동)",종로구,스타벅스,37.5771838641415,126.972634880187
이마빌딩,서울특별시 종로구 종로1길 42 (수송동),종로구,스타벅스,37.5739029320481,126.978983502911
마로니에공원,"서울특별시 종로구 대학로 116, 1-2층 (동숭동)",종로구,스타벅스,,
종로3가,"서울특별시 종로구 종로 113-1, 1-4층 (종로3가)",종로구,스타벅스,37.5705929705531,126.990220634469
대학로,"서울특별시 종로구 대학로 57, 홍익대학교 대학로캠퍼스 內 (연건동)",종로구,스타벅스,37.5765585834389,127.001450046714
경복궁사거리,"서울특별시 종로구 율곡로 6, B동 101호(중학동, 트윈트리타워)",종로구,스타벅스,37.5754538625026,126.979775832051
종로관수,서울특별시 종로구 삼일대로20길 13 (관수동),종로구,스타벅스,37.5697524735629,126.988670425646
광화문교보문고,서울특별시 종로구 종로 1 (종로1가),종로구,스타벅스,37.5709578373114,126.977928770123
정동,서울특별시 종로구 새문안로 42 (신문로2가),종로구,스타벅스,37.5685772978957,126.970068090336
종로플레이스,서울특별시 종로구 창경궁로 120 (인의동),종로구,스타벅스,37.5729815403513,126.998249476942
강북삼성병원1층,서울특별시 종로구 새문안로 29 (평동),종로구,스타벅스,37.5688677261045,126.967812703696
동숭길입구,서울특별시 종로구 대학로 146 (혜화동),종로구,스타벅스,37.5842489176,127.002029979851
서울대치과병원,서울특별시 종로구 대학로 101 서울대학교 치과병원 신관1층,종로구,스타벅스,37.5804523853297,126.997196437908
서대문역,서울특별시 종로구 통일로 134 (평동),종로구,스타벅스,37.5667996863316,126.966255525958
숭례문북창,서울특별시 중구 세종대로12길 12 (남대문로4가),중구,스타벅스,37.5616267501713,126.976921027876
을지로4가역,서울특별시 중구 을지로 170 (을지로4가),중구,스타벅스,37.5661391831606,126.99732748195
동대문두타,서울특별시 중구 장충단로 275 (을지로6가),중구,스타벅스,37.5688849422849,127.008775114213
대한상공회의소R,서울특별시 중구 세종대로 39 (남대문로4가) 1층,중구,스타벅스,37.5607136539523,126.973775321516
국립중앙의료원,서울특별시 중구 을지로 251 (을지로6가),중구,스타벅스,37.5665548575457,127.006251379421
동국대,서울특별시 중구 서애로 1길 11,중구,스타벅스,37.561326262637,126.998598237823
신세계본점5F,서울특별시 중구 소공로 63 (충무로1가),중구,스타벅스,37.560919019936,126.980979034083
동대문공원,서울특별시 중구 장충단로 229 (광희동1가),중구,스타벅스,37.5652135783939,127.007239173349
을지로국제빌딩,서울특별시 중구 남대문로 109 (다동),중구,스타벅스,37.5669858059331,126.982247152887
동대입구역,서울특별시 중구 장충단로 166 (장충동1가),중구,스타벅스,37.5596497157976,127.006153920631
신당역사거리,서울특별시 중구 다산로 258 (흥인동),중구,스타벅스,37.5657948536437,127.016623843671
연세세브란스,서울특별시 중구 통일로 10 (남대문로5가),중구,스타벅스,37.5570966597,126.973633761228
회현역,서울특별시 중구 퇴계로 72 (회현동) 리더스뷰남산,중구,스타벅스,37.5591253443035,126.980603849217
을지로경기빌딩,서울특별시 중구 남대문로10길 9 (삼각동) 경기빌딩,중구,스타벅스,37.5672075049558,126.983233108359
을지로2가,서울특별시 중구 삼일대로 358 (을지로2가),중구,스타벅스,37.5664890113878,126.988103724531
신세계본점6F,서울특별시 중구 퇴계로 77 (충무로1가),중구,스타벅스,37.5603438884295,126.980823104019
서울중앙우체국,서울특별시 중구 소공로 70 (충무로 1가) 서울 중앙 우체국,중구,스타벅스,37.5615987374058,126.982169090151
한국프레스센터,서울특별시 중구 세종대로 124 (태평로1가),중구,스타벅스,37.5674198878673,126.977873671097
명동중앙로,서울특별시 중구 명동길 60 (명동 2가),중구,스타벅스,37.5637739596312,126.985753284029
약수역,서울특별시 중구 다산로 129 (신당동),중구,스타벅스,37.5554333519362,127.010728945578
중구저동,서울특별시 중구 수표로 34 (저동2가),중구,스타벅스,37.564378723742,126.990358289779
명동길,서울특별시 중구 명동10길 41,중구,스타벅스,37.5620569449565,126.985872679878
서소문로,서울특별시 중구 서소문로 120 (서소문동) 대한빌딩,중구,스타벅스,37.5628683143675,126.974678797888
신당역,"서울특별시 중구 퇴계로 385, 1층 (흥인동)",중구,스타벅스,37.5654033985295,127.014352404697
명동메트로,서울특별시 중구 명동9가길 14 (을지로1가) 메트로호텔,중구,스타벅스,37.5651356441528,126.983730468109
숭례문,"서울특별시 중구 세종대로 17, 그레이츠 숭례 1층 (남대문로5가)",중구,스타벅스,37.5586238568696,126.973263470061
순화동더샵,"서울특별시 중구 칠패로 27, 1층 (순화동)",중구,스타벅스,37.5602669008102,126.972035325682
환구단,서울특별시 중구 소공로 112 (소공동),중구,스타벅스,37.5647590420042,126.97922670848
무교동,서울특별시 중구 무교로 21 (무교동) 코오롱빌딩 1층,중구,스타벅스,37.5678548680217,126.978742292002
문화일보,서울특별시 중구 새문안로 22 (충정로1가) 문화일보,중구,스타벅스,37.5671292085624,126.968644839862
태평로,"서울특별시 중구 세종대로 72, 대영빌딩 1층 (태평로2가)",중구,스타벅스,37.562496007961,126.976799879203
퍼시픽타워,"서울특별시 중구 세종대로9길 41, 퍼시픽타워 1층 (서소문동)",중구,스타벅스,37.5613582316301,126.97299628821
남산단암,"서울특별시 중구 소월로 10, 단암빌딩 (남대문로5가)",중구,스타벅스,37.5585411616418,126.975411166003
황학캐슬,서울특별시 중구 청계천로 400 (황학동) 롯데캐슬베네치아,중구,스타벅스,37.5708105464699,127.021463886656
을지로삼화타워,서울특별시 중구 을지로5길 16 (을지로2가) 1층,중구,스타벅스,37.5669500459178,126.984906351855
소공로,"서울특별시 중구 남대문로7길 19, 삼영빌딩 1층 일부 (소공동)",중구,스타벅스,37.5637733439194,126.980774234134
을지로한국빌딩,"서울특별시 중구 을지로 50, 1층 (을지로 2가)",중구,스타벅스,37.5656387039276,126.983325822024
시청,"서울특별시 중구 을지로 19, 삼성화재삼성빌딩 1층 (을지로1가)",중구,스타벅스,37.5663064488484,126.979957145213
명동역,"서울특별시 중구 퇴계로 101, 건물 전체 (충무로 1가)",중구,스타벅스,37.5608624903244,126.983104484742
명동입구,서울특별시 중구 남대문로 68-1 (명동2가),중구,스타벅스,37.5632323502622,126.982275208021
장충라운지R,서울특별시 중구 장충단로4길 25 (장충동1가),중구,스타벅스,37.56109799401,127.007443973925
충무로,서울특별시 중구 충무로 3 (필동1가),중구,스타벅스,37.5614953523496,126.992859994753
이마트타워,서울특별시 중구 세종대로7길 37 (순화동) 1층,중구,스타벅스,37.5607512032557,126.972489681085
동호로,서울특별시 중구 동호로 171 (신당동),중구,스타벅스,37.553478403261,127.011305155237
무교로,서울특별시 중구 무교로 15 (무교동),중구,스타벅스,37.5672818668855,126.978921749794
청계크리스탈스퀘어,서울특별시 중구 청계천로 106 (수표동),중구,스타벅스,37.5676441105952,126.989279377343
숭례문SG타워,서울특별시 중구 세종대로 14 (남대문로5가),중구,스타벅스,37.5578385325826,126.9744151
세종대로,서울특별시 중구 세종대로 135-5 (태평로1가),중구,스타벅스,37.5685952282764,126.976433052559
동대문디자인플라자,서울특별시 중구 을지로 281 (을지로7가) 디자인장터,중구,스타벅스,37.5680445876689,127.010890355484
별다방,서울특별시 중구 퇴계로 100 (회현동2가),중구,스타벅스,37.5602069895052,126.982926486564
포포인츠명동,서울특별시 중구 삼일대로10길 36 (저동2가),중구,스타벅스,37.5655777794838,126.989423083534
명동남산,서울특별시 중구 퇴계로 132 (남산동3가),중구,스타벅스,37.5607497585934,126.986468487108
명일역,서울특별시 강동구 양재대로 1647 (명일동),강동구,스타벅스,37.5525605905813,127.143782864746
강동구청DT,서울특별시 강동구 성내로 32 (성내동),강동구,스타벅스,37.5291904009702,127.123806229957
강동암사DT,서울특별시 강동구 고덕로 43 (암사동),강동구,스타벅스,37.5551043012407,127.130014966918
굽은다리역,"서울특별시 강동구 양재대로 1568 (명일동, 원일타워)",강동구,스타벅스,37.545422301431,127.143225315777
강동역,"서울특별시 강동구 천호대로 1089 (천호동, 강동 헤르셔)",강동구,스타벅스,37.5366048791746,127.133115595362
둔촌동,서울특별시 강동구 양재대로 1303 (성내동) 평원빌딩,강동구,스타벅스,37.5227713188467,127.133949850418
천호로데오,서울특별시 강동구 천호대로 1037 (천호동),강동구,스타벅스,37.5378379676663,127.12733248525
천호이마트,서울특별시 강동구 천호대로 1015-14 (천호동) 이마트별관,강동구,스타벅스,37.5389750380622,127.125217751927
길동역,서울특별시 강동구 양재대로 1487 (길동),강동구,스타벅스,37.538712390825,127.140063006884
상일동,"서울특별시 강동구 상일로10길 36, 1~2층 (상일동)",강동구,스타벅스,,
명일이마트,서울특별시 강동구 동남로75길 5 (명일동) 명일이마트별관주차장,강동구,스타벅스,37.5540060457867,127.156001893834
상일동역,"서울특별시 강동구 고덕로 399 (고덕동, 고덕센트럴푸르지오)",강동구,스타벅스,37.5574405229047,127.16967893433
천호사거리,서울특별시 강동구 올림픽로 651 (천호동),강동구,스타벅스,37.5397559555383,127.123313958545
강일역,"서울특별시 강동구 고덕로 429 (강일동), 1층",강동구,스타벅스,37.5574860634693,127.173495116432
올림픽공원북2문,서울특별시 강동구 강동대로 199 (성내동),강동구,스타벅스,37.5242231780274,127.128696494524
강동강일,서울특별시 강동구 아리수로93나길 54 (강일동),강동구,스타벅스,37.5722001938647,127.174852988118
천호대로길동,서울특별시 강동구 천호대로 1131 거산 유팰리스,강동구,스타벅스,37.534798519761,127.13723890201
천호역,"서울특별시 강동구 천호대로 1012, 태승빌딩 (성내동)",강동구,스타벅스,37.5380977789536,127.124151797401
구로디지털타워,서울특별시 구로구 디지털로32길 30 (구로동),구로구,스타벅스,37.4833895421043,126.896519918476
오류동역,서울특별시 구로구 경인로 216 (오류동),구로구,스타벅스,37.4962152453948,126.84486554294
구로디지털로,"서울특별시 구로구 디지털로33길 11, 에이스테크노8차 1층 (구로동)",구로구,스타벅스,37.4857057781612,126.895512679788
구로에이스,"서울특별시 구로구 디지털로 285, 에이스트윈타워1차 103호 (구로동)",구로구,스타벅스,37.4844869911182,126.894506052909
구로하이엔드,"서울특별시 구로구 디지털로26길 5, 에이스하이엔드타워1차 103호 (구로동)",구로구,스타벅스,37.4816105919768,126.893479312123
현대디큐브2F,서울특별시 구로구 경인로 662 (신도림동),구로구,스타벅스,37.5081230677129,126.888212953215
구로호텔,"서울특별시 구로구 디지털로32길 72, 구로호텔 1층 (구로동)",구로구,스타벅스,37.4831837029804,126.898856674536
현대디큐브B2,서울특별시 구로구 경인로 662 (신도림동),구로구,스타벅스,37.5081230677129,126.888212953215
구로고척,서울특별시 구로구 경인로 387 (고척동),구로구,스타벅스,37.4970868505034,126.863142594513
구로NC,서울특별시 구로구 구로중앙로 152 (구로동) 구로NC,구로구,스타벅스,37.5011601442131,126.882773011925
구로오류DT,서울특별시 구로구 서해안로 2233 (오류동),구로구,스타벅스,37.4881125387525,126.834474400576
구로구청,"서울특별시 구로구 가마산로 232 (구로동, 스페스큐브), B101호",구로구,스타벅스,37.4937888506208,126.886762356034
고척아이파크,"서울특별시 구로구 경인로43길 49 (고척동, 고척아이파크), 1층 D-101호",구로구,스타벅스,37.4991318775075,126.857590075507
신도림힐스테이트,서울특별시 구로구 경인로 625 (신도림동),구로구,스타벅스,37.5070842748567,126.884718686628
신도림,서울특별시 구로구 경인로 610 (신도림동),구로구,스타벅스,37.5054782085179,126.883956501896
답십리역,서울특별시 동대문구 천호대로 263 (답십리동),동대문구,스타벅스,37.5685046121538,127.051120497766
경희대삼거리,서울특별시 동대문구 회기로 141 (회기동),동대문구,스타벅스,37.5915700154784,127.052031564319
외대정문,서울특별시 동대문구 이문로 93 (이문동),동대문구,스타벅스,37.5953818714405,127.05923135853
신설동역,서울특별시 동대문구 왕산로 19 (신설동),동대문구,스타벅스,37.5767090920194,127.025524677025
회기역사거리,서울특별시 동대문구 이문로 37 (회기동),동대문구,스타벅스,37.5908011291028,127.056117386349
장한평역,서울특별시 동대문구 장한로 10 (장안동),동대문구,스타벅스,37.5623569528356,127.065498788097
경희대,서울특별시 동대문구 경희대로 16-1 (회기동),동대문구,스타벅스,37.5929010400532,127.052866883162
청량리역롯데캐슬스카이,"서울특별시 동대문구 답십리로 27 (전농동, 청량리역 롯데캐슬 SKY-L65)",동대문구,스타벅스,37.5792492672171,127.045331070581
경동1960,서울특별시 동대문구 고산자로36길 3 (제기동),동대문구,스타벅스,37.5790377655561,127.039142935818
청량리역사,서울특별시 동대문구 왕산로 214 (전농동) 청량리역사 Connect Place6층,동대문구,스타벅스,37.584197400389,127.05114503929
답십리초교사거리,서울특별시 동대문구 전농로 38 (답십리동),동대문구,스타벅스,37.5682540295405,127.057240883237
장안사거리,서울특별시 동대문구 답십리로 267 (장안동),동대문구,스타벅스,37.5727019911814,127.070072727815
외대,서울특별시 동대문구 휘경로 12-1 (이문동),동대문구,스타벅스,37.5957325089141,127.06140256497
서울숲역,서울특별시 성동구 왕십리로 50 (성수동1가) 1층,성동구,스타벅스,37.5419000229184,127.044975552245
금호역,서울특별시 성동구 동호로 99 (금호동4가),성동구,스타벅스,37.5480320424066,127.015349539879
뚝섬역,서울특별시 성동구 아차산로 42 (성수동1가),성동구,스타벅스,37.5464347311743,127.049100119424
황학사거리,"서울특별시 성동구 왕십리로 410 (하왕십리동, 센트라스)",성동구,스타벅스,37.5666029325047,127.024082467223
성수역,서울특별시 성동구 성수이로 94 (성수동2가),성동구,스타벅스,37.5432313943084,127.056957190581
상왕십리역,서울특별시 성동구 왕십리로 382 (하왕십리동),성동구,스타벅스,37.5651102845783,127.028019796271
왕십리역,서울특별시 성동구 왕십리로 326 (도선동),성동구,스타벅스,37.5627268703824,127.033894304026
한양대,"서울특별시 성동구 왕십리로 225 (행당동) 1,2층",성동구,스타벅스,,
엔터식스,서울특별시 성동구 왕십리광장로 17 (행당동),성동구,스타벅스,37.5614417528647,127.038394194396
신금호역,서울특별시 성동구 금호로 158-1 (금호동1가) 1~5층 전체,성동구,스타벅스,37.5549927803262,127.02022735147
왕십리역9번출구,서울특별시 성동구 고산자로 234 (행당동),성동구,스타벅스,37.5605265052689,127.03526540093
성수,서울특별시 성동구 아차산로 104 (성수동2가),성동구,스타벅스,37.544442510333,127.055458106675
옥수,서울특별시 성동구 독서당로 202 (옥수동),성동구,스타벅스,37.5429958801414,127.013351442954
성수낙낙,서울특별시 성동구 광나루로8길 31 (성수동2가) 성수낙낙 1층 101~107호,성동구,스타벅스,37.5471881065539,127.066325845916
효창공원앞역,"서울특별시 용산구 백범로 313 (효창동, 용산 롯데캐슬 센터포레)",용산구,스타벅스,37.5393023092398,126.962948470932
서울역서부,서울특별시 용산구 만리재로 202 (서계동),용산구,스타벅스,37.5549425482855,126.968462872248
이태원역,서울특별시 용산구 이태원로 188 (이태원동),용산구,스타벅스,37.5343119597361,126.994803414914
한강진역R,서울특별시 용산구 이태원로 252 (한남동),용산구,스타벅스,37.5371098560042,127.001121839019
용산역써밋R,"서울특별시 용산구 한강대로 69 (한강로2가, 용산푸르지오써밋)",용산구,스타벅스,37.5270404595814,126.964892234354
이촌,서울특별시 용산구 이촌로 276 (이촌동),용산구,스타벅스,37.5186438963508,126.977284598132
신용산역,"서울특별시 용산구 한강대로 95 (한강로2가, 래미안용산)",용산구,스타벅스,37.5288173852679,126.966653789116
용산파크타워,"서울특별시 용산구 서빙고로 67 (용산동5가, 파크타워)",용산구,스타벅스,37.5248628078572,126.970412727842
남영동,서울특별시 용산구 한강대로 275 (갈월동),용산구,스타벅스,37.5428705694081,126.972255573258
한남동R,서울특별시 용산구 독서당로 94 (한남동),용산구,스타벅스,37.5348016217165,127.01093982785
서울타워,서울특별시 용산구 남산공원길 105 (용산동2가) YTN서울타워 1층,용산구,스타벅스,37.5511225714939,126.987867837993
서울역동자동,서울특별시 용산구 한강대로 372 (동자동),용산구,스타벅스,37.5516315844006,126.972912206176
순천향입구,서울특별시 용산구 대사관로 67 (한남동),용산구,스타벅스,37.5334229215252,127.005644897495
숙대,서울특별시 용산구 청파로47길 57 (청파동3가),용산구,스타벅스,37.5446357546297,126.96713467761
동빙고,서울특별시 용산구 장문로 12 (동빙고동),용산구,스타벅스,37.5289762402615,126.991804054242
숙대입구역,서울특별시 용산구 한강대로 291 (갈월동),용산구,스타벅스,37.5442306440059,126.971941739174
용산아이파크몰6F,서울특별시 용산구 한강대로23길 55,용산구,스타벅스,37.5297718014452,126.964741503485
동부이촌동,서울특별시 용산구 이촌로 198 (이촌동),용산구,스타벅스,37.5210778010368,126.969064344569
숙명여대정문,서울특별시 용산구 청파로47길 100 (청파동2가) 프라임관B1F(로비층),용산구,스타벅스,37.5454740835781,126.965074376341
용산해링턴스퀘어,서울특별시 용산구 서빙고로 17 (한강로3가),용산구,스타벅스,37.5269056148241,126.966566172294
경리단길,서울특별시 용산구 회나무로 3 (이태원동),용산구,스타벅스,37.5385862896552,126.987405284242
서울역사,서울특별시 용산구 한강대로 405 (동자동) 신-101호,용산구,스타벅스,37.5548375992165,126.971732581232
용산리첸시아,"서울특별시 용산구 백범로 341 (원효로1가, 리첸시아 용산)",용산구,스타벅스,37.5379386735674,126.967973433167
용산전자랜드,서울특별시 용산구 청파로 74 (한강로3가),용산구,스타벅스,37.5327888550584,126.959558538475
상봉,"서울특별시 중랑구 상봉로 131 (상봉동, 상봉 듀오트리스 주상복합)",중랑구,스타벅스,37.5974066200134,127.092177640813
중랑역,서울특별시 중랑구 망우로30길 3 (상봉동),중랑구,스타벅스,37.5930806702101,127.0747508051
중랑구청,서울특별시 중랑구 신내로 72,중랑구,스타벅스,37.6054064377729,127.09566855816
사가정역,서울특별시 중랑구 면목로 310,중랑구,스타벅스,37.5796360424526,127.087974659533
상봉역,서울특별시 중랑구 망우로 307 (상봉동),중랑구,스타벅스,37.5969380081251,127.086471773354
묵동,"서울특별시 중랑구 동일로 952 (묵동, 로프트원 태릉입구역) 1층",중랑구,스타벅스,37.6153331239502,127.076880465585
양원역,서울특별시 중랑구 양원역로10길 3 (망우동),중랑구,스타벅스,37.6066433737247,127.106339503555
중화역,서울특별시 중랑구 봉화산로 35 1층,중랑구,스타벅스,37.6018095864644,127.078324330908
